,NumRef,Refs
pyr-->mcpst,1,645548
pro__l-->glns,1,667442
atp-->fbp,2,651666;693243
amp-->adk1,1,642586
hg2-->betaldhx,1,390329
met__l-->glusy,1,391438
acald-->acald,1,724721
ac-->durik1,1,641144
acon_c-->fum,1,33771
mlthf-->tmds,1,485397
pmtcoa-->g3pd2,1,287523
adp-->fbp,1,651666
2obut-->hopntal,1,702377
1pyr5c-->ctps2,1,648963
imp-->adpt,1,638391
dtdpglu-->galui,1,643748
zn2-->ppm2,1,3340
ppi-->iletrs,1,454
utp-->aspct,9,485837;485839;485840;485842;662646;685252;699559;718936;718943
nicrnt-->nndpr,1,638020
mn2-->lcadi,1,288133
zn2-->fclpa,1,679548
k-->glycdx,1,668061
dgtp-->ctps2,1,674909
mn2-->agpr,1,390280
oaa-->cs,1,659254
ala__l-->ocbt,1,485898
ca2-->histp,1,680722
cobalt2-->rndr1,1,715085
ca2-->dhfr,1,392238
zn2-->dmpps,1,661928
adp-->ntd1,1,656266
glu__l-->dapdc,1,4110
hg2-->acgs,1,486063
glc__d-->ppbngs,1,691351
fdp-->fbp,2,170730;651666
dcacoa-->edtxs1,1,726949
dctp-->ntd10,1,656266
cys__l-->mcpst,1,645548
amet-->admdc,1,4660
amp-->glcp2,1,488238
ni2-->dmpps,1,661928
atp-->3ntd2pp,1,656266
met__l-->fthfd,1,208968
mal__l-->aspct,1,485853
g3p-->pps,2,645472;645473
amp-->dpr,1,669806
k-->gsnk,1,641925
cobalt2-->g5sd,1,390308
his__l-->glns,1,661216
gly-->serat,2,486778;657835
dgsn-->cytd,2,209644;209660
uri-->ctps2,1,702613
amet-->obtfl,7,14936;487218;487219;487221;487222;487230;487239
coa-->acgs,2,486061;486063
zn2-->a5piso,8,2624;652445;660993;662042;671856;701812;714743;715380
glyc3p-->pgsa120,1,644286
lac__l-->uamas,1,1286
cobalt2-->glcrd,1,33840
pydxn-->hmpk1,1,641658
aspsa-->aspt,2,6009;6028
hg2-->csnd,4,209489;209497;209507;209508
cobalt2-->ctps2,1,649002
ni2-->pants,3,977;978;979
mn2-->nads1,1,953
pi-->dpr,1,669806
acald-->pdh,1,348956
utp-->cytdk2,1,641644
uamag-->uagcvt,1,637590
gdp-->gluprt,1,489747
pi-->metat,2,639045;639056
zn2-->adncyc,1,34790
fe3-->cytd,2,209644;209660
orn-->argtrs,1,269
pydx5p-->ppcdc,1,4415
gsn-->ctps2,1,674909
gua-->punp1,1,489654
pyr-->glusy,1,391438
fe3-->ppm2,1,3340
ade-->amaotr,1,637092
atp-->adncyc,1,34764
hg2-->pgpp120,1,94818
cl-->dhqti,2,5473;5474
cys__l-->aoxsr2,2,487047;487051
succ-->abta,1,661189
pmtcoa-->ear121x,1,390503
ap5a-->adk1,3,660819;675337;702283
na1-->impd,2,701583;703193
for-->fhl,1,698687
zn2-->g6pda,1,648233
ctp-->ntpp1,1,655847
urea-->argdc,2,4085;4086
udp-->cbps,1,1731
pydx5p-->hsk,1,641473
ag-->lacz,2,171273;679236
fe2-->dmpps,1,661928
tungs-->asad,1,390200
camp-->ab6pgh,1,136924
gtp-->adncyc,2,34764;34813
ura-->ctps2,1,702613
ag-->csnd,1,209497
spmd-->ptrcabcpp,2,210313;656055
acald-->betaldhx,1,390329
sarcs-->betaldhx,1,390329
indole-->ear121x,1,696692
etha-->betaldhx,1,390329
hg2-->pants,3,977;978;979
f6p-->glgc,6,643131;643141;643144;643152;643161;643164
mn2-->arai,1,2729
ara5p-->tala,1,486041
zn2-->cytd,1,209644
adprib-->acald,1,390164
atp-->ppck,1,727382
amp-->ab6pgh,1,136924
utp-->ntd10,1,656266
adn-->mettrs,1,34
nad-->acald,1,390164
na1-->asad,1,390180
histd-->histrs,1,369
dttp-->ntpp1,1,655847
ptrc-->agmt,3,246676;649495;665940
accoa-->forct,1,692851
arg__l-->acgs,3,486063;486066;685805
cu2-->acoda,1,171960
dttp-->ntd1,1,656266
gln__l-->csnd,2,209489;209497
ac-->ugmdds,1,651110
adp-->dbts,2,1334;1338
cit-->pfk,3,640421;640463;640486
ca2-->mi1pp,1,665294
3hpp-->pants,1,978
cd2-->asp1dc,1,3992
atp-->ampn,2,171818;657368
gdp-->ctps2,1,674909
so4-->tyrtrs,1,650300
nadph-->g3pd2,1,669175
spmd-->argdc,2,4085;4086
dctp-->rndr1,1,437918
so4-->sulri,1,392964
cobalt2-->abutd,1,690591
6pgc-->rpi,1,2787
datp-->ntd10,1,656266
uri-->pynp2r,1,638518
ctp-->dasyn120,2,643308;643314
spmd-->dhfr,1,392238
fe2-->altrh,1,5901
so4-->duripp,1,638445
acgam1p-->uacmamo,1,720374
ametam-->admdc,2,4668;4672
udpg-->glcp2,1,488238
fe2-->agpr,1,390280
itp-->cbps,1,1731
atp-->gdpmnp,1,657184
cd2-->g6pdh2r,1,722473
23dappa-->gf6pta,1,639916
f1p-->pfk,1,640421
pan4p-->pntk,1,641393
ala__l-->pants,2,978;979
cys__l-->zn2abcpp,1,654606
leu__l-->ocbt,1,485898
s17bp-->glgc,1,643144
adp-->gdpmnp,1,657184
glc__d-->treptspp,1,641885
6pgc-->pgi,2,2624;2841
4hthr-->4hthrs,2,137551;137559
dttp-->g1ptt,1,643081
adp-->impd,1,347946
amp-->acald,1,390164
dgtp-->ntptp1,1,135502
amp-->gdpmnp,1,657184
imp-->gmpr,1,394292
glyc-->fum,1,653600
h2o2-->thrtrs,1,716771
nadh-->nadk,2,641189;691390
dtdpglu-->glcp2,1,488238
cys__l-->ppc,1,4311
cobalt2-->amptasecg,1,137173
ca2-->icl,1,33117
fdp-->fruk,1,641683
fe2-->sucbzl,1,648945
glx-->hopntal,1,702377
cobalt2-->uagcvt,1,706916
phe__l-->csnd,1,209497
ser__l-->hsdy,1,246398
cit-->lacz,2,171271;679236
acglu-->cbps,1,1725
hg2-->asp1dc,1,3992
zn2-->dhqti,1,5463
fad-->adsk,1,641217
pydam-->gcaldd,1,390214
tyr__l-->chorm,3,3535;3557;3564
pi-->kdops,1,637397
cu2-->acgs,1,486063
nad-->aspo6,2,391756;391760
gal-->lacz,2,706614;706624
hg2-->atps4rpp,1,210238
hg2-->g6pdh2r,1,722473
his__l-->atpprt,4,637662;637667;637668;637674
h2o2-->cpppgo2,1,711348
zn2-->lacz,1,171273
cytd-->cytd,1,209659
urea-->cbps,1,1741
nadp-->ntrir2x,1,392929
fdp-->ddpa,1,639741
alaala-->alaalar,2,1235;1236
ni2-->fba,1,728325
dctp-->dasyn120,1,643314
pi-->fbp,2,651666;693243
aacoa-->acact1r,1,487690
utp-->glusy,1,391438
2pg-->mgsa,1,137616
ni2-->agmt,1,246685
etoh-->aspt,1,6019
pant__r-->mohmt,2,485700;485701
ptrc-->dhfr,1,392238
pro__l-->glu5k,3,679845;681421;722974
glyc3p-->fba,1,4914
nad-->manao,1,287131
gly-->serd_d,2,210805;651969
adp-->cdappa120,1,210004
f6p-->agdc,2,246592;246594
gdp-->gmand,1,5733
2ddg6p-->glgc,1,643144
atp-->g3pat120,1,486381
coa-->ptpati,1,674344
fe2-->hbzopt,1,704240
utp-->gtpci,2,209541;209546
meoh-->aspt,1,6019
atp-->serat,1,657835
oaa-->glusy,1,391438
gam6p-->glns,1,37497
adn-->leutrs,1,429
mg2-->dutpdp,1,209964
cobalt2-->a5piso,1,2624
ile__l-->serd_l,6,210840;210856;210857;210863;653575;729066
na1-->mets,1,441179
dhap-->fba,2,4943;652787
akg-->fba,1,4914
pmtcoa-->ear121y,1,390503
fe2-->pants,3,977;978;979
met__l-->ocbt,1,485898
g6p-->fbp,1,680799
mn2-->add,1,650622
mg2-->rbk,1,641005
val__l-->hsk,1,641470
phpyr-->pdh,1,348956
cit-->fum,1,33771
imp-->prascsi,1,661204
pydx-->gcaldd,1,390214
k-->dhfr,2,392228;392238
na1-->selnps,2,645479;645483
cu2-->zn2abcpp,1,246928
adp-->uamas,1,662701
ppi-->gmps2,1,1362
mg2-->lcadi,2,670833;695015
atp-->ntd1,1,656266
betald-->betaldhx,1,390329
phe__l-->chorm,4,3535;3543;3564;3574
val__l-->serd_l,2,210856;210863
trp__l-->ans,2,33276;33310
mg2-->gsnk,1,641925
ca2-->lcadi,1,288133
amp-->pants,1,979
ahcys-->cfas160e,3,485626;485627;485631
for-->obtfl,1,487220
cu2-->ddpa,1,639771
asp__l-->aspt,1,6021
indole-->alaalar,1,727157
dttp-->tdpgdh,1,5714
gly-->glns,1,37497
imp-->adss,1,1557
mg2-->impd,2,347946;701583
h2s-->sulri,1,348059
fe2-->acnml,1,33332
lald__d-->tala,1,719298
dtdp-->tdpgdh,1,5714
gmp-->ctps2,1,674909
dpcoa-->ptpati,1,674344
zn2-->agpr,1,390280
adp-->tmppp,2,639722;639723
urea-->histd,1,286332
amp-->orpt,1,489719
acon_t-->aconmt,1,288664
ser__l-->serat,1,486752
fdp-->gnd,4,286851;286861;286882;286904
pep-->icdhyr,1,680481
adn-->punp1,1,489693
amp-->atpprt,3,637662;637668;659707
asp__l-->glusy,1,391438
nadp-->hsdy,1,246400
ppi-->kdoct2,1,645227
pyr-->mohmt,1,485700
ppa-->mcitd,1,653158
hom__l-->glusy,1,391438
ca2-->hbzopt,1,704240
pi-->acoda,1,171964
datp-->3ntd2pp,1,656266
zn2-->uagcvt,1,706916
pep-->pps,1,645473
lipa-->moat2,1,698691
na1-->durik1,1,641144
15dap-->lystrs,1,652528
urea-->3oas121,1,486918
cu2-->kdops,3,637395;637397;637416
ahcys-->amaotr,1,637092
imp-->gluprt,1,489747
mg2-->abutd,1,690591
hg2-->kdoct2,1,645227
amet-->hsst,2,487044;671413
cd2-->a5piso,5,2624;652445;660993;671856;715380
prpp-->gluprt,1,489747
cys__l-->cysdds,1,648731
orn-->acota,1,644947
asp__l-->asns2,1,858
fe2-->abutd,1,690591
ca2-->impd,1,701583
ni2-->taudo,1,671717
ctp-->glusy,1,391438
so4-->ppm2,1,3340
datp-->ntpp1,1,655847
pi-->trdr,1,393993
hg2-->sucbzl,1,648945
cu2-->g6pdh2r,1,722473
ppi-->aspct,2,485837;485843
cyan-->no3r2bpp,1,395167
adp-->acgamk,1,641692
amp-->impd,1,347946
ump-->cdappa120,1,210004
atp-->agmhe,1,2357
pep-->fba,1,4914
cyan-->sulri,5,348059;392958;392964;392967;392968
zn2-->orpt,1,489719
gtp-->lysdc,1,714832
cyan-->ntrir2x,2,392923;392929
adn-->amaotr,2,637092;637094
atp-->argtrs,1,280
4per-->a5piso,1,2625
gtp-->glusy,1,391438
mg2-->dmpps,1,661928
uacgam-->uagdp,1,288685
nadh-->g6pdh2r,1,722577
succ-->icl,2,33117;33118
succ-->aspk,1,642329
ac-->agdc,2,246592;246597
cd2-->kdopp,2,646344;652389
gcald-->rbp4e,1,2396
pser__l-->aspt,1,6028
zn2-->abutd,1,690591
pydxn-->gcaldd,1,390214
k-->durik1,1,641144
so3-->cyanst,1,645502
pep-->glgc,3,643144;643161;661743
cu2-->kdopp,2,646344;652389
datp-->rndr1,7,437913;437937;437938;437939;437976;714184;716317
ser__l-->pgcd,12,287525;287530;287546;287547;287548;287551;656083;663605;667649;687564;711203;724307
h2o2-->cbps,2,1725;1731
no2-->fhl,1,698686
mn2-->a5piso,1,2624
ctp-->cytdk2,1,641644
asp__l-->csnd,2,209489;209497
udpglcur-->udpgd,1,286293
dmso-->aspt,2,6001;6019
nadph-->nadk,2,641189;691390
utp-->ntd1,1,656266
nadph-->thd2pp,1,725040
atp-->glusy,1,391438
e4p-->ddpa,1,639796
cu2-->dhqti,1,5463
ala__d-->ghmt2r,2,441412;441424
mg2-->bpnt,1,677696
fe2-->ddpa,1,639771
thr__l-->hsdy,2,246387;246398
adp-->adsk,1,641215
ctp-->ctps2,2,648986;649000
gtp-->aspct,2,485837;685252
pep-->fbp,4,170730;651666;665719;680756
adpglc-->glcp2,1,488238
dtbt-->dbts,1,1334
ahcys-->ahcysns,2,171851;171857
mn2-->gcaldd,1,390215
amp-->adpt,1,638391
3pg-->ppck,1,649304
duri-->cytd,4,209644;209655;209658;209660
pep-->pfk,4,640421;640463;640486;722736
atp-->adsk,1,641215
zn2-->lystrs,1,674885
ppi-->asns1,1,649836
succoa-->pntk,1,641393
ppi-->dntppa,1,727800
pi-->atps4rpp,1,210238
na1-->aspt,1,5998
gtp-->3ntd2pp,1,656266
8aonn-->aoxsr2,1,487047
ppi-->fba,1,4943
gdp-->gsnk,1,641928
k-->cbps,2,650936;651937
aacoa-->pntk,1,641393
xtsn-->ctps2,1,674909
atp-->rndr1,7,437913;437918;437937;437938;687294;714233;716317
ap5a-->cbps,1,1738
zn2-->ap4ah,2,246765;246770
adp-->pfk,1,722736
5mta-->ahcysns,1,171857
ca2-->betaldhx,1,390350
urea-->gludy,1,391685
acgam6p-->agdc,1,246597
amp-->g3pd2,1,669177
ca2-->prpps,3,642710;642732;642737
zn2-->taudo,1,285263
dttp-->dntppa,1,727800
cobalt2-->pants,2,977;978
ade-->durik1,1,641132
zn2-->23pde2pp,2,135196;135203
dttp-->ntd10,1,656266
dhap-->g3pd2,1,669175
atp-->dasyn120,1,643314
3pg-->gdpmnp,1,657184
akg-->sucoas,1,799
adp-->dpr,1,669806
zn2-->ctps2,1,649002
nadp-->dpr,1,286108
ser__l-->serd_d,1,651969
3pg-->mgsa,2,137600;137601
ppgpp-->adpt,1,638391
acon_c-->glusy,1,391438
zn2-->csnd,3,209489;209493;209503
so3-->ntrir2x,1,392923
f1p-->fbp,1,651666
udp-->uagpt3,2,488976;703764
ppi-->sertrs,1,84
ag-->abutd,1,690591
ctp-->tmppp,2,639722;639723
cyan-->ddpa,1,639777
pi-->ocbt,1,485898
ca2-->pgsa120,1,644289
gdpfuc-->gmand,2,5732;5733
glyc3p-->g3pd2,3,287523;669175;669177
cd2-->sulri,1,656421
zn2-->feropp,1,696359
atp-->tagurr,2,287138;287140
datp-->ntd1,1,656266
adp-->leutrs,1,429
ac-->dhqti,2,5473;5474
adp-->adncyc,1,34764
gtp-->gluprt,1,489747
arg__l-->argdc,1,4086
amp-->glns,2,37497;661216
cu2-->lcadi,2,288133;288135
atp-->g6pdh2r,1,722473
h2o2-->csnd,1,209503
g1p-->glcp2,1,488238
spmd-->apcs,3,392545;639706;639707
dpcoa-->pntk,1,641393
fum-->aspct,1,485853
cu2-->glycdx,1,636295
cys__l-->hcysmt,1,441382
2pglyc-->mgsa,2,649962;650248
ade-->orpt,1,489719
amp-->gluprt,2,489747;489763
athr__l-->pgcd,1,287525
fe2-->glcp2,1,488238
citr__l-->argtrs,1,269
atp-->glyk,1,722712
pep-->icl,2,33118;680481
trdrd-->adsk,1,641217
pg180-->zn2abcpp,1,667819
imp-->cbps,9,649457;649877;649895;650020;650927;651882;652334;652788;652823
gtp-->durik1,1,641123
oxa-->forct,1,692851
etha-->g1sat,1,3432
dttp-->dctpd,1,686667
udpgal-->uglt,2,642838;722427
amet-->mets,2,441179;659993
mn2-->mi1pp,1,680809
k-->asad,1,390180
ctp-->3ntd2pp,1,656266
glyc-->aspt,1,6001
oaa-->pps,2,645472;645473
adp-->gtpci,1,209546
nadh-->p5cr,1,392126
hg2-->sulri,1,656421
adp-->glusy,1,391438
ca2-->trdr,2,394908;394952
glu__l-->tmds,1,485375
arg__l-->acgk,1,642354
gtp-->ppc,1,4286
dtdprmn-->galui,1,643748
ca2-->glcp2,1,488238
gmp-->gmps2,1,649891
ppgpp-->adss,1,1542
pyr-->mals,2,660456;706621
atp-->orpt,1,489719
dtdpglu-->g1ptt,1,643081
ocdca-->dagk160,1,640361
ppi-->gdpmnp,1,657184
glyb-->glns,1,667442
cys__l-->uglt,2,642823;642834
cd2-->lacz,1,171273
accoa-->pdh,1,348914
atp-->acgk,1,659704
4abz-->adcs,1,644230
ca2-->atps4rpp,1,210238
amp-->tyrtrs,1,650300
ump-->ompdc,1,649973
glyald-->dxps,1,719975
glx-->icl,1,33156
zn2-->hbzopt,1,704240
pi-->pgpp120,2,94810;94818
meoh-->uagpt3,1,488978
adp-->orpt,1,489719
agm-->argdc,2,4085;4086
tre6p-->glgc,1,643144
zn2-->kdops,3,637395;637397;637416
cinnm-->kas15,1,719087
cu2-->ppm2,1,3340
met__d-->glusy,1,391438
hg2-->kdopp,2,646344;652389
asp__l-->asns1,1,1692
hom__l-->aspk,1,642329
dtdpglu-->udpg4e,1,2320
cl-->asp1dc,1,3973
nadp-->glusy,2,391438;391442
g6p-->pyk,1,641557
cobalt2-->sulri,1,656421
mn2-->ddglk,1,636960
zn2-->pgamt,1,210870
akg-->pps,2,645472;645473
urea-->tkt1,1,692117
dttp-->gtpci,1,209546
pap-->papsr,1,133778
gthox-->adsk,1,641217
glu__l-->aspk,1,642329
ca2-->sulri,1,656421
zn2-->acoda,1,171960
pep-->mgsa,2,137600;137601
pydx5p-->glyc3pabcpp,1,718976
ni2-->g5sd,1,390308
mn2-->pants,1,977
cit-->fba,1,4914
ca2-->pyk,1,654470
hg2-->a5piso,4,652445;660993;671856;715380
adpglc-->agmhe,2,2357;653940
val__l-->achbs,8,395884;395885;395887;395900;671290;672368;675377;700782
his__l-->glusy,1,391438
aso3-->trdr,1,394931
so4-->tala,1,486027
nad-->ntrir2x,2,392926;392928
4abut-->pants,3,977;978;979
xyl__d-->ppbngs,1,691351
uacgam-->uag2e,4,2264;2265;2268;661247
cys__l-->fba,1,4913
orn-->csnd,1,209497
atp-->g3pd2,1,669177
ser__l-->glns,1,37497
nadh-->udpg4e,2,2320;2332
atp-->gmpr,1,394292
ile__l-->csnd,1,209497
lald__l-->lcadi,1,288133
mal__d-->aspt,2,6016;649266
leu__l-->achbs,4,395882;395884;395900;700782
1pyr5c-->gf6pta,1,639926
5mta-->apcs,1,392545
adp-->g3pd2,1,669177
cu2-->dxprii,1,286427
fe2-->asp1dc,1,3992
ins-->aspct,1,485837
akg-->ileta,3,721470;722933;722998
succ-->adss,3,1537;649423;652356
gtp-->impd,1,347946
mg2-->pants,1,977
cu2-->thd2pp,1,725040
uri-->cytd,12,209641;209644;209645;209646;209648;209655;209656;209660;209661;209665;209668;209669
thf-->mohmt,2,485700;485701
zn2-->gsnk,1,641925
adp-->agmhe,1,2357
zn2-->acgs,1,486063
f6p-->g6pda,1,648239
dgtp-->rndr1,4,437913;437918;437937;437976
gtp-->ntd10,1,656266
meoh-->ophbdc,1,729319
o2-->obtfl,1,487236
cobalt2-->glutrr,1,656104
citr__l-->argdc,2,4085;4086
cys__l-->pants,1,979
ca2-->ppm2,1,3340
apoacp-->acps1,2,645395;645401
accoa-->oxcdc,1,714955
selnp-->selnps,1,645479
zn2-->uagpt3,1,488971
cl-->kdopp,1,646344
amp-->thd2pp,1,725040
dhf-->dhfs,1,694310
pdx5p-->gcaldd,1,390214
cys__l-->amptasecg,2,137173;137178
3pg-->glgc,4,643114;643141;643144;643164
nadh-->agmhe,1,2357
cbm-->rndr1,1,437909
ac-->aspct,1,485853
mn2-->sulri,1,656421
fe2-->dxprii,1,286427
acgam6p-->g6pda,8,648215;648220;648226;648237;648238;648240;648243;712289
fdp-->glgc,12,643127;643141;643144;643146;643150;643152;643161;643164;661743;663026;671752;674737
mthgxl-->fclpa,1,690787
aso3-->sulri,3,348059;392964;392968
2pg-->ddpa,1,639749
ppal-->drpa,1,5172
dgtp-->ntd10,1,656266
ca2-->adpt,1,638391
cys__l-->cystrs,1,181
adp-->glyk,2,641287;641294
adn-->orpt,1,489719
dad_2-->punp1,1,489693
pppi-->metat,2,639045;639056
ppi-->metat,2,639045;639056
dhpt-->dhfs,1,649464
gam6p-->gf6pta,2,672444;689045
ac-->adpt,1,638391
4hbz-->chrpl,1,650373
trp__l-->ddpa,1,639767
2obut-->pdh,1,348956
lipa-->moat,1,698691
cd2-->fci,1,2684
atp-->thd2pp,1,725040
pi-->g3pat120,1,486381
nadph-->gmand,1,5732
ribflv-->airc2,1,702643
cobalt2-->adncyc,2,34764;34790
cu2-->ctps2,1,649002
ile__l-->achbs,2,395884;395900
atp-->rbk,2,641005;673692
aso4-->glcp2,1,488294
met__l-->hsst,3,487044;487045;671413
ctp-->ntd10,1,656266
zn2-->asp1dc,1,3992
h2o2-->selnps,1,645490
mn2-->acnml,1,33337
atp-->gnd,3,286861;286882;286904
adn-->aspct,1,485837
pnto__r-->citl,1,33364
pi-->galctd,1,5701
akg-->sdpta,1,636965
ni2-->agpr,1,390280
ser__l-->uamas,2,1286;1289
pi-->gtpci,3,209545;209546;209549
mn2-->amptasecg,1,137173
gcald-->gcaldd,1,390213
gthox-->papsr,1,659214
ni2-->a5piso,1,652445
fe2-->cytd,2,209644;209660
na1-->tmpk,1,642545
tsul-->cyanst,1,645532
atp-->pps,1,645468
cit-->fbp,1,680756
cu2-->sulri,1,656421
hg2-->acnml,2,33314;33337
taur-->pants,3,977;978;979
fdp-->ppc,1,4286
amp-->pntk,1,641393
ins-->ctps2,1,674909
pheme-->nodox,1,285279
hg2-->gtpci,3,209545;209546;209553
adp-->oxcdc,1,714955
ni2-->uagpt3,1,488971
ura-->pynp2r,2,638518;638520
succ-->glusy,1,391438
cyan-->glcral,1,5078
zn2-->phetrs,2,336;337
nadh-->ab6pgh,1,136924
ppi-->histrs,1,369
gtp-->mthfd,2,392307;392308
ni2-->abutd,1,690591
nadh-->pgcd,1,287525
mthgxl-->lcadi,1,288133
for-->dpr,1,286109
xmp-->gmps2,1,727023
4ahmmp-->hmpk1,1,641658
succ-->dhqti,2,5473;5474
fe2-->ap4ah,1,246765
glu__d-->glusy,1,391438
orn-->cbps,19,1725;1729;1731;649457;649877;649886;649895;650020;650798;650927;651292;651471;651882;651937;652334;652351;652788;652823;693247
icit-->glusy,1,391438
fe2-->uagcvt,1,706916
pro__l-->p5cr,1,392126
nadh-->mthfr2,1,654771
btn-->accoac,2,665523;665526
15dap-->dhfr,1,392238
cobalt2-->adsk,1,641215
gmp-->cdappa120,1,210004
utp-->ntpp1,1,655847
succ-->aspt,3,6000;6016;6019
cu2-->abutd,1,690591
mg2-->pps,1,645468
pyr-->psd120,4,4780;4783;4785;4790
ala_b-->pgcd,1,287548
actp-->tmppp,2,639722;639723
succ-->aspct,1,485853
mnl1p-->treptspp,1,641866
etha-->lacz,1,171271
ala__d-->csnd,1,209497
coa-->maltatr,1,487511
mg2-->mi1pp,1,729888
fe3-->lplipal1a120pp,1,94382
nadp-->p5cr,1,392126
hom__l-->hsdy,1,246400
cit-->ppc,1,4311
mg2-->lystrs,1,484
3pg-->icl,1,33118
dcdp-->durik1,1,641132
cu2-->g5sd,1,390308
dutp-->upprt,1,638361
fe2-->lacz,1,679236
appl-->ethaal,1,34382
zn2-->glycdx,1,636295
itp-->ctps2,1,674909
adp-->fruk,1,641683
glc__d-->xyli1,1,671399
ser__l-->ocbt,1,485898
hom__l-->csnd,1,209497
pyr-->pta2,2,487532;720217
hdcea-->g3pat120,1,486365
fald-->mddcp1pp,1,650384
coa-->oxcdc,1,714955
datp-->leutrs,1,429
adp-->prais,1,1308
trp__l-->trpas2,3,37364;651028;665767
23dappa-->serd_d,1,651969
hg2-->glucys,1,1120
atp-->tmppp,2,639722;639723
pi-->prais,1,1308
hom__l-->pgcd,1,287525
atp-->tmk,1,642072
adn-->ctps2,1,674909
glu__l-->glntrs,1,651246
gly-->fthfd,1,208968
pi-->ampn,4,171815;171827;171829;657368
oaa-->citl,2,33352;33363
r1p-->pynp2r,2,638518;638520
nadph-->uapgr,1,286065
urate-->ctps2,1,702613
r15bp-->ppm2,2,3340;3343
ni2-->ctps2,1,649002
hpyr-->glgc,1,643144
ca2-->adncyc,2,34764;34790
pmtcoa-->pntk,1,641393
urea-->alatrs,1,649422
atp-->ntd10,2,656266;95061
dctp-->aspct,1,718943
tartr__d-->dhqti,1,5473
amp-->pps,1,645473
s7p-->ddpa,1,639741
o2-->qulns,1,684659
cobalt2-->g6pdh2r,1,722473
ag-->acnml,1,33314
g3p-->fba,2,4943;652787
pydx5p-->gcaldd,1,390214
cdp-->rndr1,1,437938
fe2-->chors,1,137655
nadp-->trdr,1,393993
o2-->edd,1,33658
oxam-->obtfl,3,487221;487222;487239
pi-->icl,1,33118
pi-->rpi,1,653911
atp-->aso3t8pp,1,654492
dad_2-->gmps2,1,1362
ca2-->me2,1,722940
gtp-->gsnk,1,641928
2cpr5p-->praii,1,4611
itp-->glusy,1,391438
utp-->gludy,1,391675
na1-->abutd,1,690591
spmd-->iletrs,2,454;462
cd2-->kdops,2,637395;637397
ca2-->u23gaat,1,696264
fdp-->ppck,1,649304
oxa-->icl,1,33117
amp-->glgc,10,643126;643127;643141;643148;643150;643152;643161;643164;661743;663026
hom__l-->hcysmt,1,441382
urea-->dhfr,1,392238
ala__l-->glusy,1,391438
adprib-->uapgr,1,286065
2pglyc-->tpi,1,2586
malcoa-->pntk,1,641393
orn-->agmt,1,246681
spmd-->argtrs,1,270
gdptp-->lysdc,1,714832
dtmp-->tmds,3,485358;485363;485415
pdx5p-->pdx5poi,1,654870
gtp-->ntptp1,1,135502
ni2-->thd2pp,1,725040
tdcoa-->edtxs1,1,726949
fe2-->lplipal1a120pp,1,94382
ca2-->g3pat120,1,486357
oxam-->ldh_d,1,286430
accoa-->ppck,1,727382
gly-->ocbt,1,485898
mg2-->ppck,1,649304
gtp-->metat,1,639056
acon_t-->fum,1,33771
f6p-->rpi,1,2787
cyst__l-->hcysmt,1,441382
ade-->ahcysns,4,171851;171854;171857;171859
ca2-->kabcpp,1,289109
lys__l-->aspk,4,642314;642317;680701;722849
uama-->uagcvt,1,637590
udp-->uapgr,1,286065
gcald-->lcadi,1,288133
ade-->ctps2,1,702613
cl-->sulri,1,392964
nadph-->p5cr,1,392126
pi-->pynp2r,1,638518
pnto__r-->pants,1,979
uamr-->uagcvt,3,637590;658113;702267
amet-->hcysmt,1,692948
ade-->dbts,1,653958
mg2-->dhfr,1,392238
atp-->sucoas,1,799
g6p-->glgc,2,643141;643164
pser__l-->hsk,1,641471
na1-->kabcpp,1,289114
pi-->3oas121,1,486864
glc__d-->glcp2,1,488238
23dappa-->pants,1,978
so4-->icl,1,33118
nad-->g3pd2,1,669177
gdp-->lysdc,1,714832
atp-->manao,3,287131;287132;287133
cit-->accoac,1,37593
mg2-->sucbzl,1,648945
atp-->kabcpp,2,289111;289116
dhpmp-->dntppa,1,727800
fe2-->dhqti,1,5463
cys__l-->cysds,1,34690
3pg-->fba,1,4943
udp-->udpg4e,1,650515
adp-->kabcpp,2,289111;289114
2obut-->glgc,1,643144
ile__l-->hsk,1,641470
fdp-->ab6pgh,1,136924
cu2-->acnml,3,33314;33332;33337
pydx5p-->adncyc,2,34790;34813
gdp-->gdmane,1,389515
pyr-->hopntal,1,702377
pyr-->serd_l,2,210823;210847
fe2-->gcaldd,1,390215
mana-->tagurr,1,287140
glyc3p-->ab6pgh,1,136924
prpp-->upprt,1,638369
pi-->ppm2,1,3340
cyan-->mcpst,1,645548
ppi-->tyrtrs,1,650300
spmd-->g6pdh2r,1,722577
no3-->sulri,1,392964
adn-->cytd,2,209644;209660
utp-->tmppp,2,639722;639723
urea-->ghmt2r,1,703674
utp-->orpt,1,489719
cobalt2-->rmpa,2,5065;5067
uri-->duripp,1,672287
amet-->metat,2,639045;639056
zn2-->gui1,1,2619
adp-->atps4rpp,1,685315
hg2-->abutd,1,690591
cobalt2-->thd2pp,1,725040
oxa-->ppck,1,650420
ump-->udpg4e,2,2320;650515
gmp-->gluprt,2,489747;489763
2obut-->achbs,1,395887
atp-->oxcdc,1,714955
citr__l-->acgs,1,486063
pi-->selnps,1,645479
glyc-->tmds,1,485431
adp-->uapgr,1,286065
ag-->pgcd,1,287530
cu2-->asp1dc,1,3992
cl-->icl,1,33118
cyan-->admdc,2,4680;4681
udpg-->uglt,1,642838
nadp-->g3pd2,2,669175;669177
asn__l-->asns1,1,649836
glu5sa-->ctps2,1,648963
cl-->durik1,1,641144
s17bp-->ddpa,1,639741
pg160-->zn2abcpp,1,667819
hg2-->glcp2,1,488238
dttp-->3ntd2pp,1,656266
ca2-->dagk160,1,640352
cys__l-->trdr,3,394918;394933;394946
h2s-->spodm,1,672026
dhpt-->dhnpa2r,2,5103;5104
pmtcoa-->g3pat120,1,486357
2dda7p-->ddpa,1,639741
atp-->mthfd,2,392307;392308
dgtp-->gtpci,2,209546;209549
ppi-->ptpati,1,674344
utp-->3ntd2pp,1,656266
cu2-->gsnk,1,641925
nadph-->kara1,1,639183
g3p-->dxps,1,719975
dhpt-->dhps2,2,639665;639666
mn2-->pps,1,645468
itp-->leutrs,1,429
orn-->lystrs,1,652528
lys__l-->ocbt,1,485898
aso4-->ocbt,1,485898
atp-->impd,1,347946
f6p-->ppck,1,649304
leu__l-->csnd,1,209497
adp-->prpps,2,642710;642737
inost-->glns,1,667442
gdp-->impd,1,347946
atp-->dpr,1,669806
k-->abutd,1,690591
fruur-->tagurr,1,287140
pep-->ab6pgh,1,136924
glyclt-->pants,2,977;978
but-->ugmdds,1,651110
val__l-->mohmt,1,485700
cu2-->gui1,1,2619
23dappa-->dapdc,1,4110
ocdcea-->g3pat120,1,486365
ppi-->atps4rpp,1,210230
cd2-->hbzopt,1,704240
g3p-->g3pd2,1,689802
atp-->ab6pgh,1,136924
nadph-->gnd,3,286851;286882;286904
thr__l-->hsk,3,641465;641470;641471
cu2-->lacz,2,171273;679236
ca2-->dmpps,1,661928
mn2-->pgamt,1,210870
cu2-->hbzopt,1,704240
ctp-->aspct,13,485837;485838;485839;485840;485841;485842;662646;685252;699559;699578;718458;718936;718943
mn2-->dmpps,1,661928
coa-->mohmt,2,485700;485701
pep-->pscvt,1,638176
glcr-->altrh,1,5900
cys__l-->lcadi,1,288135
thm-->tmpk,1,642545
no-->dhad1,2,682577;700277
2pglyc-->aspt,1,6016
dctp-->durik1,2,641123;641132
nadh-->udpgd,1,286293
nadp-->betaldhx,1,390329
zn2-->lcadi,1,288133
dttp-->dtmpk,1,645198
h2o2-->rndr1,1,437927
ctp-->glns,2,37497;661216
ppi-->tala,1,486027
nadh-->cs,4,488040;488069;488085;659254
dttp-->durik1,2,641117;641123
2pg-->g3pd2,1,689802
so4-->ctps2,1,648963
phe__l-->ddpa,9,639746;639750;639753;639768;639771;639775;639776;639796;659071
cl-->lacz,1,679236
pyr-->dxps,1,719975
cit-->galctd,1,5701
pant__r-->dpr,1,286108
no-->nodox,1,657560
h2o2-->edd,1,33658
dad_2-->cytd,5,209644;209655;209658;209660;209661
pan4p-->ptpati,1,674344
g1p-->uglt,1,642838
amp-->fbp,6,170730;650375;665621;680756;680799;680855
zn2-->cysdds,1,648731
dctp-->dtmpk,1,645198
glyclt-->gcaldd,1,390213
adprib-->g3pd2,1,669177
dctp-->ntd1,1,656266
ppi-->ppa,1,685299
hom__l-->gludy,1,391686
ca2-->uagpt3,1,488971
zn2-->thd2pp,1,725040
gtp-->upprt,3,638362;638369;638372
adp-->ntd10,1,656266
accoa-->pntk,1,641393
hg2-->kdops,2,637395;637397
uama-->uamas,1,1289
ppa-->ugmdds,1,651110
asn__l-->ocbt,1,485898
accoa-->3oas121,1,486914
gly-->csnd,1,209497
nadp-->3oar121,1,669013
hg2-->mltg1,1,393267
8aonn-->amaotr,5,637090;637092;637094;637095;661047
dmso-->thd2pp,1,725040
ala__l-->serd_d,2,210805;651969
akg-->cs,2,488040;488060
gmp-->impd,5,347909;347938;347939;347941;347946
pydx5p-->pdx5poi,4,391903;391904;654870;724427
mn2-->gpdda1,1,646457
cl-->pglycp,1,651727
mg2-->u23gaat,1,696264
dha-->acnml,1,33332
gly-->glusy,1,391438
xan-->ctps2,1,702613
mana-->manao,1,287131
dgsn-->ctps2,1,674909
lipoate-->ophbdc,1,729319
h2o2-->tkt1,1,694217
pi-->ddpa,1,639747
cu2-->mltg1,1,393267
mg2-->gpdda1,1,646457
nadp-->nadk,1,641189
g3p-->glgc,1,643144
trp__l-->anprt,2,638663;638674
cu2-->a5piso,2,652445;671856
pi-->gtpcii2,1,656006
succ-->ppc,1,4311
pyr-->admdc,4,4660;4662;4668;4672
ahcys-->hcysmt,1,441382
h2s-->no3r2bpp,1,395167
h2o2-->acnml,1,33314
gam6p-->agdc,2,246592;246594
adp-->gluprt,1,489747
so4-->ampn,1,171817
aso3-->ntrir2x,2,392923;392929
cyan-->cyanst,1,645502
his__l-->csnd,2,209489;209497
acgam1p-->g1pact,1,288685
g6p-->treptspp,1,692907
adpglc-->pps,1,645473
ag-->pants,3,977;978;979
atp-->pfk,3,640421;640490;640526
met__l-->hcysmt,2,441382;692948
pa160-->dagk160,1,640361
cl-->aspct,1,485853
ile__l-->ocbt,1,485898
urea-->aspo6,1,391756
pi-->23pde2pp,1,693167
cit-->glcs1,2,488903;488914
mn2-->adsk,1,641215
ctp-->mepct,1,661089
gtp-->cbps,1,1731
cu2-->taudo,1,285263
cobalt2-->me2,1,722940
atp-->ppa,2,685299;685305
rib__d-->rbk,1,673692
oxa-->mals,1,706621
pep-->g3pd2,1,689802
camp-->cdappa120,1,210004
thr__l-->csnd,1,209497
xmp-->gluprt,1,489747
cys__l-->adsk,1,641217
mg2-->g3pat120,1,486357
gdp-->rndr1,1,437939
mal__l-->aspk,1,642329
akg-->abta,1,661189
pi-->mgsa,3,137600;137601;653942
nadph-->udpgalm,1,726820
ca2-->gludy,1,391662
glx-->pdh,1,348956
glu__l-->csnd,2,209489;209497
cys__l-->altrh,1,33957
uama-->glur,4,2102;2111;2113;2115
zn2-->agmt,1,246685
glu__l-->hsk,1,641471
so4-->fbp,1,665719
dgtp-->ntpp1,1,655847
akg-->icl,1,33118
ag-->glcp2,1,488238
cd2-->ppm2,1,3340
val__l-->ocbt,1,485898
coa-->pntk,4,641393;662251;671053;686816
uamag-->uamags,2,1276;1293
amp-->gmpr,1,394292
cys__l-->glusy,1,391438
zn2-->selnps,2,645483;661912
hg2-->lacz,1,171273
man6p-->sbtpd,1,669655
zn2-->glcp2,1,488238
but-->uaagds,1,651110
for-->ugmdds,1,651110
xan-->duripp,1,686525
ca2-->pps,1,645468
u3aga-->uagaat,1,720069
lys__l-->argdc,2,4085;4086
mnl1p-->man6pi,1,660706
cynt-->ppa,1,209796
cd2-->adsk,1,641215
cys__l-->hsk,2,641470;641471
atp-->gtpci,3,209541;209546;209549
ser__l-->glusy,1,391438
hdca-->dagk160,1,640361
ppi-->gtpcii2,5,209545;246729;246730;246732;656006
nad-->nmnat,1,642778
udp-->rndr1,2,437938;437939
fdp-->nndpr,1,638020
fe2-->sulri,1,656421
pi-->tala,2,486027;486041
amp-->cdappa120,1,210004
thmpp-->sephchcs,1,685086
4hbz-->ans,1,650373
pyam5p-->gcaldd,1,390214
no3-->adss,1,1557
zn2-->acnml,1,33337
gly-->pgcd,1,287546
asn__l-->glusy,1,391438
ca2-->kdopp,2,646344;652389
cobalt2-->dmpps,2,639341;661928
itp-->ntd10,1,656266
2dr5p-->glgc,1,643144
mn2-->g6pdh2r,1,722473
pyr-->pscvt,1,638178
zn2-->thrtrs,1,662829
na1-->treh,1,136178
gtp-->tmppp,2,639722;639723
gly-->uamas,2,1286;1289
mg2-->pgsa120,1,644290
zn2-->adpt,1,638391
pacald-->betaldhx,1,390329
urea-->cytd,1,209644
succ-->sucoas,1,823
his__l-->cat,1,439802
tyr__l-->ddpa,5,639746;639747;639750;639753;639777
xmp-->cbps,1,1731
dhf-->dhnpa2r,2,5103;5104
h2o2-->dhcindo,1,395595
cobalt2-->agmt,1,246685
mg2-->me2,1,687388
ser__l-->hsk,1,641470
fdp-->glyk,9,641287;641294;641295;641309;641311;641326;661122;701931;722712
ca2-->lacz,1,679236
nadp-->glgc,1,643144
ugmda-->uagcvt,1,637590
cd2-->zn2abcpp,1,246929
aso4-->mgsa,1,137601
fe3-->sulri,1,656421
atp-->gludy,1,391685
amp-->23pde2pp,1,652555
cu2-->agpr,1,390280
nadp-->kara1,1,639175
fe2-->gtpci,1,209553
zn2-->me2,1,722940
mal__l-->aspt,1,6016
nadp-->gdmane,1,389515
dhap-->ppck,1,649304
hcys__l-->hcysmt,1,441382
coa-->forct,1,692851
cmp-->ab6pgh,1,136924
ca2-->pants,3,977;978;979
pyr-->acnml,2,33314;33332
mn2-->abutd,1,690591
nadp-->sulri,2,392964;392968
ppp9-->cpppgo,1,656175
val__l-->pants,2,978;979
h2o2-->spodm,1,438096
gtp-->glgc,1,643126
adn-->ahcysns,1,171857
pep-->pyk,1,707589
pydx5p-->gludy,1,391667
adp-->glu5k,1,642200
gdp-->pfk,3,640489;640490;722736
3pg-->pgcd,1,287546
atp-->cdappa120,1,210004
leu__l-->vpamtr,2,640186;640187
acglu-->acgs,2,486061;486063
met__d-->hsst,1,487045
f6p-->pfk,1,722736
h2o2-->qulns,1,684659
mn2-->glcrd,1,33840
adp-->ldh_d,1,286430
dump-->dtmpk,1,645198
altrn-->manao,3,287131;287132;287133
adp-->pntk,1,641393
fdp-->pyk,2,641557;707589
ser__l-->csnd,1,209497
asp__l-->pants,2,977;979
ala__l-->vpamtr,2,640186;640187
nadph-->g5sd,1,390307
cd2-->acgs,1,486063
pyr-->obtfl,2,487221;487239
nadph-->glgc,1,643144
xmp-->impd,1,347946
nadh-->ppck,1,4621
gln__l-->adcs,1,644230
pi-->glgc,6,643126;643127;643141;643144;643161;643164
ppi-->pants,1,979
glu__l-->uamags,1,1293
hco3-->cfas160e,1,680343
glcn-->pants,2,977;978
ala__l-->pgcd,1,287525
aps-->adsk,1,641215
pyr-->glgc,1,643152
orn-->ocbt,1,485898
tartr__l-->fum,1,33771
dctp-->3ntd2pp,1,656266
atp-->ntpp1,1,655847
ppi-->tmpk,1,642545
amp-->gludy,1,391685
ppgpp-->lysdc,2,714832;716768
6hmhpt-->dhnpa2r,2,5103;5104
cytd-->aspct,1,485837
nmn-->g3pd2,1,669177
nadh-->sucoas,1,799
ag-->argdc,1,4090
hpyr-->achbs,1,659590
ocdcea-->dagk160,1,640361
mlthf-->mthfr2,2,654771;696353
uamr-->g1pact,1,288685
atp-->atpprt,1,637662
cu2-->glcp2,1,488238
glu__l-->glusy,2,391438;391442
amp-->leutrs,1,429
mn2-->kara1,1,639175
ara5p-->tkt1,1,486023
mg2-->uagpt3,5,488971;488973;488974;488976;488978
cu2-->ap4ah,1,246765
met__l-->hsk,1,641470
2dda7p-->dhqs,1,137619
amp-->rpi,1,2787
cys__l-->gui1,1,2619
amp-->tmpk,1,642545
amp-->dbts,1,1338
ctp-->ntd1,1,656266
uacgam-->uagaat,1,720069
glu__l-->prfgs,1,1670
gtp-->ntd1,1,656266
dttp-->rndr1,5,437913;437918;437937;437938;437976
ag-->tdpgdh,1,5718
thr__l-->pgcd,1,287525
arg__l-->agmt,1,246681
itp-->aspct,1,485837
k-->mets,1,441179
nadp-->uapgr,2,286065;722831
hom__l-->hsk,3,641463;641471;641473
fald-->asad,1,390180
fald-->mohmt,2,485700;485701
itp-->ntd1,1,656266
cu2-->lipatpt,1,663919
adp-->thd2pp,1,725040
orn-->acoda,1,171964
mg2-->nads1,1,653053
pi-->rmpa,1,713694
gsn-->cytd,2,209644;209660
hpyr-->pdh,1,348956
ni2-->acoda,1,171960
val__l-->csnd,1,209497
hcys__l-->hsk,1,641470
mn2-->ctps2,1,649002
ppi-->galctd,1,5701
hco3-->lacz,1,679236
zn2-->pants,3,977;978;979
cu2-->dhad1,1,33959
nadph-->glusy,1,391457
cobalt2-->taudo,2,285263;671717
pydx5p-->glgc,3,643141;643144;661743
adp-->pps,2,645472;645473
6pgc-->kg6pdc,1,650143
atp-->aspct,5,485838;662646;685252;699559;699578
cyan-->spmdat2,1,639951
gly-->alaalar,1,1235
dmso-->uagpt3,2,488978;703764
ca2-->thd2pp,1,725040
adn-->nads1,1,953
lac__l-->pdh,1,348956
ppi-->adncyc,3,34764;34770;34790
so4-->rmpa,1,713694
xmp-->ompdc,1,694055
cu2-->uagcvt,1,706916
aspsa-->hsk,1,641463
cys__l-->hsdy,1,246398
ppi-->tmppp,2,639722;639723
cu2-->csnd,6,209489;209493;209497;209503;209507;209508
ac-->acoda,1,171964
3psme-->pscvt,1,638175
k-->treh,1,136178
ni2-->glutrr,1,656104
zn2-->uhgada,2,695538;696193
ser__l-->ghmt2r,1,718984
ala__l-->trpas2,6,37334;37339;37344;37354;37364;651028
asp__l-->aspo6,2,391756;391760
uacgam-->uapgr,1,286065
adpglc-->udpgalppp,1,209944
ca2-->pgamt,1,210870
mal__l-->glusy,1,391438
adp-->gmps2,1,1362
dgtp-->3ntd2pp,1,656266
fe3-->glycdx,1,636295
dctp-->ntpp1,1,655847
itp-->3ntd2pp,1,656266
ppi-->nndpr,1,638020
pphn-->chorm,2,3574;390552
dgtp-->ntd1,1,656266
adn-->gmps2,1,1362
atp-->ldh_d,1,286430
aso3-->aso3t8pp,3,210282;210287;696278
gthox-->asad,1,654891
cl-->dhfr,1,392241
h2o2-->cat,2,439792;726446
chol-->betaldhx,1,390329
mn2-->mg2uabcpp,1,686901
met__l-->trpas2,3,37341;651028;664076
nadph-->g6pdh2r,3,722244;722473;722577
fum-->ppc,1,4311
zn2-->gcaldd,1,390215
amp-->ntd10,1,664087
adp-->tmpk,1,642545
ump-->cbps,22,1725;1729;1731;1746;1751;649457;649877;649886;649895;650020;650798;650927;651292;651471;651882;651901;651937;652334;652351;652788;652823;693247
k-->mltg1,1,393267
cu2-->pants,3,977;978;979
dhf-->tmds,2,485358;485415
asp__l-->ppc,3,4308;4311;657356
utp-->cbps,3,1731;1751;651901
pydx-->argdc,1,4086
cmp-->cdappa120,1,210004
phe__l-->trpas2,3,37341;37354;651028
gdp-->adss,3,1537;1557;651925
adp-->sucoas,1,823
orn-->argdc,2,4085;4086
4mop-->hopntal,1,702377
glyc3p-->glyk,1,641287
coa-->serat,1,486778
no3-->fhl,1,698686
lys__l-->dapdc,2,4110;4127
ni2-->rmpa,2,5065;5067
ppi-->mgsa,2,137600;137601
ala__l-->serat,1,486778
adp-->glgc,4,643141;643144;643161;643164
ppi-->glcral,1,5078
sbt6p-->gf6pta,1,639929
cys__l-->uamas,2,1286;1288
mg2-->histrs,1,369
cl-->tyrtrs,1,650300
pep-->tmppp,2,639722;639723
gal1p-->uglt,2,642838;722427
asp__l-->aspct,1,485841
urea-->ethaal,1,34382
ametam-->apcs,2,639708;639709
glyclt-->icl,2,33117;33118
zn2-->gludy,1,391662
mn2-->gtpci,1,209553
ahcys-->obtfl,2,487219;487221
cu2-->cytd,3,209644;209660;209661
amp-->oxcdc,1,714955
cu2-->acota,1,644946
fum-->adss,1,652356
gtp-->ctps2,6,648962;648963;661241;674909;690817;702613
galct__d-->glcrd,1,33840
zn2-->sulri,1,656421
etoh-->gdpdpk,1,642773
ara5p-->rpi,1,653911
cyan-->glcp2,1,488238
thr__l-->aspk,5,642310;642311;642314;654640;722849
glx-->achbs,1,671290
trp__l-->glns,2,37497;661216
na1-->dhfr,2,392228;392238
amp-->selnps,1,645479
cys__l-->serat,7,486752;486756;486757;486777;657835;659391;676935
r1p-->duripp,1,638444
metsox_s__l-->glns,1,694057
cu2-->me2,1,722940
uaccg-->uapgr,1,286065
mn2-->thd2pp,1,725040
cu2-->gtpci,3,209545;209546;209553
pydx-->ppcdc,1,4415
pnto__r-->mohmt,2,485700;485701
