bigg.metabolite,bigg.reaction,distance
K,glycdx,3.0
SPMD,g6pdh2r,2.0
FOR,dpr,3.0
ACGAM1P,uacmamo,2.0
PYDX,gcaldd,3.0
PYDX5P,gcaldd,2.0
PYDXN,gcaldd,4.0
CYS__L,lcadi,2.0
UTP,gludy,1.0
ASP__L,aspo6,0.0
CYS__L,trdr,2.0
PHEME,nodox,2.0
DATP,rndr1,1.0
DCTP,rndr1,2.0
DGTP,rndr1,2.0
DTTP,rndr1,2.0
CYS__L,hcysmt,1.0
HCYS__L,hcysmt,0.0
HOM__L,hcysmt,2.0
CYST__L,hcysmt,1.0
K,mets,1.0
AMET,mets,1.0
HCO3,cfas160e,2.0
SER__L,ghmt2r,0.0
ADN,aspct,3.0
MAL__L,aspct,2.0
SUCC,aspct,1.0
UTP,aspct,1.0
THMPP,sephchcs,2.0
PYR,pta2,2.0
OXAM,obtfl,4.0
PYR,obtfl,1.0
AMET,obtfl,2.0
CIT,glcs1,2.0
CA2,uagpt3,2.0
DMSO,uagpt3,3.0
MG2,uagpt3,2.0
AC,adpt,3.0
PRPP,gluprt,0.0
AMET,metat,0.0
GLN__L,adcs,0.0
4ABZ,adcs,1.0
GDP,pfk,3.0
DCDP,durik1,3.0
DCTP,durik1,2.0
CYS__L,adsk,2.0
TRDRD,adsk,1.0
FDP,pyk,2.0
G6P,pyk,1.0
PEP,pyk,0.0
K,gsnk,2.0
MG2,gsnk,2.0
PA160,dagk160,0.0
OCDCEA,dagk160,3.0
HDCA,dagk160,2.0
OCDCA,dagk160,3.0
ETOH,gdpdpk,4.0
CYS__L,uglt,2.0
2DDG6P,glgc,3.0
2OBUT,glgc,3.0
3PG,glgc,4.0
FDP,glgc,3.0
F6P,glgc,2.0
G6P,glgc,1.0
2DR5P,glgc,4.0
G3P,glgc,3.0
HPYR,glgc,4.0
PEP,glgc,2.0
PYDX5P,glgc,2.0
PYR,glgc,2.0
S17BP,glgc,4.0
CIT,fbp,3.0
PEP,fbp,1.0
SO4,fbp,2.0
CL,pglycp,2.0
MN2,mi1pp,3.0
MET__L,fthfd,1.0
ALA__D,csnd,4.0
HOM__L,csnd,4.0
GLY,csnd,3.0
ASP__L,csnd,3.0
GLU__L,csnd,2.0
GLN__L,csnd,2.0
HIS__L,csnd,3.0
ILE__L,csnd,3.0
LEU__L,csnd,3.0
ORN,csnd,4.0
PHE__L,csnd,3.0
SER__L,csnd,3.0
THR__L,csnd,3.0
VAL__L,csnd,3.0
CYTD,cytd,0.0
ACGAM6P,g6pda,1.0
PG160,zn2abcpp,1.0
PG180,zn2abcpp,3.0
CYS__L,zn2abcpp,1.0
ASO3,aso3t8pp,0.0
CL,asp1dc,1.0
FDP,ppc,2.0
ACCOA,ppck,1.0
PYR,admdc,2.0
PYR,psd120,2.0
LIPOATE,ophbdc,5.0
MEOH,ophbdc,4.0
AKG,fba,2.0
CIT,fba,3.0
PEP,fba,1.0
GLYC3P,fba,1.0
PNTO__R,citl,3.0
CYS__L,altrh,3.0
PPA,mcitd,2.0
2PGLYC,mgsa,3.0
DMSO,aspt,2.0
GLYC,aspt,3.0
ASP__L,aspt,0.0
VAL__L,serd_l,1.0
UAMA,glur,1.0
UMP,udpg4e,3.0
UACGAM,uag2e,0.0
R15BP,ppm2,3.0
ETHA,g1sat,5.0
SPMD,iletrs,1.0
SPMD,argtrs,1.0
GLYB,glns,5.0
INOST,glns,3.0
PRO__L,glns,1.0
AC,ugmdds,3.0
BUT,ugmdds,4.0
FOR,ugmdds,3.0
PPA,ugmdds,4.0
DGTP,ctps2,1.0
ITP,ctps2,3.0
IMP,cbps,2.0
ITP,cbps,3.0
ORN,cbps,1.0
ACGLU,cbps,1.0
K,cbps,1.0
XMP,cbps,1.0
BTN,accoac,1.0
CIT,accoac,1.0
HOM__L,hsdy,0.0
CYS__L,hsdy,2.0
SER__L,hsdy,2.0
THR__L,hsdy,2.0
CU2,glycdx,3.0
FE3,glycdx,3.0
ZN2,glycdx,3.0
UDPGLCUR,udpgd,0.0
UREA,histd,2.0
OXAM,ldh_d,3.0
CA2,me2,2.0
COBALT2,me2,2.0
CU2,me2,2.0
MG2,me2,2.0
ZN2,me2,2.0
PEP,icdhyr,2.0
FDP,gnd,3.0
COBALT2,g6pdh2r,2.0
CU2,g6pdh2r,2.0
MN2,g6pdh2r,2.0
ALTRN,manao,2.0
MANA,manao,0.0
FRUUR,tagurr,3.0
MANA,tagurr,2.0
MN2,kara1,3.0
ADPRIB,g3pd2,3.0
DHAP,g3pd2,0.0
GLYC3P,g3pd2,0.0
G3P,g3pd2,1.0
2PG,g3pd2,2.0
NMN,g3pd2,3.0
PMTCOA,g3pd2,2.0
PEP,g3pd2,1.0
3PG,pgcd,0.0
ALA_B,pgcd,3.0
GLY,pgcd,2.0
ALA__L,pgcd,2.0
ATHR__L,pgcd,3.0
HOM__L,pgcd,3.0
SER__L,pgcd,2.0
THR__L,pgcd,2.0
MAN6P,sbtpd,1.0
PANT__R,dpr,0.0
CA2,impd,2.0
GDP,impd,1.0
GMP,impd,1.0
MG2,impd,2.0
XMP,impd,0.0
CU2,dxprii,3.0
FE2,dxprii,2.0
GDP,gdmane,2.0
FOR,fhl,0.0
NO3,fhl,4.0
NO2,fhl,5.0
COBALT2,abutd,2.0
CU2,abutd,2.0
FE2,abutd,2.0
K,abutd,2.0
MG2,abutd,2.0
MN2,abutd,2.0
NI2,abutd,2.0
ZN2,abutd,2.0
ACALD,betaldhx,4.0
BETALD,betaldhx,0.0
CA2,betaldhx,4.0
CHOL,betaldhx,1.0
ETHA,betaldhx,3.0
SARCS,betaldhx,5.0
PACALD,betaldhx,10.0
ACALD,acald,0.0
ADPRIB,acald,3.0
FALD,asad,3.0
GTHOX,asad,3.0
K,asad,2.0
TUNGS,asad,3.0
FE2,gcaldd,2.0
GCALD,gcaldd,0.0
GLYCLT,gcaldd,0.0
MN2,gcaldd,2.0
PYDAM,gcaldd,4.0
PYAM5P,gcaldd,3.0
PDX5P,gcaldd,3.0
ZN2,gcaldd,2.0
CA2,lcadi,3.0
CU2,lcadi,3.0
GCALD,lcadi,4.0
LALD__L,lcadi,0.0
MTHGXL,lcadi,1.0
MG2,lcadi,3.0
MN2,lcadi,3.0
ZN2,lcadi,3.0
CU2,agpr,2.0
FE2,agpr,2.0
MN2,agpr,2.0
NI2,agpr,2.0
ZN2,agpr,2.0
COBALT2,g5sd,2.0
CU2,g5sd,2.0
NI2,g5sd,2.0
COBALT2,glutrr,2.0
NI2,glutrr,2.0
ACALD,pdh,1.0
ACCOA,pdh,0.0
2OBUT,pdh,1.0
HPYR,pdh,2.0
GLX,pdh,1.0
LAC__L,pdh,1.0
PHPYR,pdh,2.0
INDOLE,ear121x,4.0
PMTCOA,ear121x,3.0
PMTCOA,ear121y,3.0
ADPRIB,uapgr,5.0
UACCG,uapgr,0.0
UACGAM,uapgr,1.0
PPP9,cpppgo,1.0
CA2,gludy,1.0
HOM__L,gludy,2.0
PYDX5P,gludy,1.0
UREA,gludy,2.0
ZN2,gludy,1.0
ACON_C,glusy,2.0
GLU__D,glusy,1.0
GLY,glusy,1.0
ICIT,glusy,1.0
ITP,glusy,3.0
ALA__L,glusy,1.0
ASN__L,glusy,1.0
ASP__L,glusy,1.0
CYS__L,glusy,1.0
GLU__L,glusy,0.0
HIS__L,glusy,1.0
HOM__L,glusy,2.0
MAL__L,glusy,2.0
MET__L,glusy,1.0
SER__L,glusy,1.0
OAA,glusy,1.0
PYR,glusy,1.0
SUCC,glusy,1.0
UTP,glusy,1.0
PYDX5P,pdx5poi,0.0
PDX5P,pdx5poi,0.0
UREA,aspo6,2.0
PRO__L,p5cr,0.0
CA2,dhfr,2.0
CL,dhfr,2.0
PTRC,dhfr,2.0
15DAP,dhfr,3.0
K,dhfr,2.0
MG2,dhfr,2.0
SPMD,dhfr,2.0
UREA,dhfr,3.0
ASO3,ntrir2x,5.0
CYAN,ntrir2x,6.0
SO3,ntrir2x,6.0
IMP,gmpr,0.0
ASO3,sulri,3.0
CA2,sulri,2.0
CL,sulri,2.0
CYAN,sulri,1.0
COBALT2,sulri,2.0
CU2,sulri,2.0
FE2,sulri,2.0
FE3,sulri,2.0
MN2,sulri,2.0
NO3,sulri,4.0
SO4,sulri,1.0
H2S,sulri,0.0
ZN2,sulri,2.0
ASO3,trdr,3.0
CA2,trdr,2.0
PAP,papsr,0.0
GTHOX,papsr,2.0
COBALT2,taudo,2.0
CU2,taudo,2.0
NI2,taudo,2.0
ZN2,taudo,2.0
NO,nodox,0.0
CA2,dmpps,3.0
COBALT2,dmpps,3.0
FE2,dmpps,3.0
MG2,dmpps,3.0
MN2,dmpps,3.0
NI2,dmpps,3.0
ZN2,dmpps,3.0
CDP,rndr1,1.0
COBALT2,rndr1,2.0
CBM,rndr1,5.0
GDP,rndr1,1.0
MET__L,hcysmt,0.0
AHCYS,hcysmt,0.0
AMET,hcysmt,0.0
DHF,tmds,0.0
GLU__L,tmds,1.0
GLYC,tmds,4.0
DTMP,tmds,0.0
AHCYS,cfas160e,0.0
ACON_T,aconmt,0.0
ALA__D,ghmt2r,2.0
UREA,ghmt2r,2.0
FALD,mohmt,3.0
VAL__L,mohmt,1.0
PANT__R,mohmt,1.0
PNTO__R,mohmt,2.0
PYR,mohmt,1.0
AC,aspct,2.0
ASP__L,aspct,0.0
CL,aspct,1.0
CYTD,aspct,2.0
DCTP,aspct,1.0
FUM,aspct,1.0
INS,aspct,2.0
ITP,aspct,2.0
ASO4,ocbt,3.0
GLY,ocbt,2.0
ALA__L,ocbt,2.0
ASN__L,ocbt,2.0
ILE__L,ocbt,2.0
LEU__L,ocbt,2.0
LYS__L,ocbt,2.0
SER__L,ocbt,2.0
VAL__L,ocbt,2.0
MET__L,ocbt,2.0
ORN,ocbt,0.0
ARA5P,tkt1,2.0
UREA,tkt1,3.0
ARA5P,tala,2.0
LALD__D,tala,3.0
SO4,tala,2.0
2OBUT,achbs,0.0
GLX,achbs,2.0
HPYR,achbs,2.0
ILE__L,achbs,2.0
LEU__L,achbs,2.0
VAL__L,achbs,1.0
GLYALD,dxps,3.0
G3P,dxps,0.0
PYR,dxps,0.0
ARG__L,acgs,1.0
CU2,acgs,1.0
CITR__L,acgs,2.0
ACGLU,acgs,0.0
ZN2,acgs,1.0
AACOA,acact1r,0.0
CA2,g3pat120,2.0
MG2,g3pat120,2.0
OCDCEA,g3pat120,1.0
HDCEA,g3pat120,1.0
PMTCOA,g3pat120,2.0
CYS__L,serat,1.0
GLY,serat,1.0
ALA__L,serat,1.0
SER__L,serat,0.0
ACCOA,3oas121,1.0
UREA,3oas121,3.0
MET__L,hsst,1.0
AMET,hsst,1.0
8AONN,aoxsr2,0.0
CYS__L,aoxsr2,1.0
FOR,obtfl,0.0
AHCYS,obtfl,3.0
U3AGA,uagaat,0.0
UACGAM,uagaat,0.0
ACGAM1P,g1pact,0.0
UAMR,g1pact,2.0
CINNM,kas15,6.0
CA2,u23gaat,3.0
MG2,u23gaat,3.0
DCACOA,edtxs1,3.0
TDCOA,edtxs1,3.0
OXA,mals,2.0
PYR,mals,1.0
AKG,cs,1.0
OAA,cs,0.0
ADPGLC,glcp2,1.0
ASO4,glcp2,3.0
CA2,glcp2,2.0
CYAN,glcp2,3.0
CU2,glcp2,2.0
GLC__D,glcp2,2.0
FE2,glcp2,2.0
G1P,glcp2,0.0
DTDPGLU,glcp2,1.0
ZN2,glcp2,2.0
MEOH,uagpt3,4.0
NI2,uagpt3,2.0
ZN2,uagpt3,2.0
ADN,punp1,0.0
DAD_2,punp1,3.0
GUA,punp1,1.0
R1P,pynp2r,0.0
URA,pynp2r,0.0
URI,pynp2r,0.0
R1P,duripp,1.0
SO4,duripp,3.0
URI,duripp,1.0
XAN,duripp,2.0
IMP,adpt,1.0
CA2,adpt,2.0
PPGPP,adpt,3.0
ZN2,adpt,2.0
PRPP,upprt,0.0
DUTP,upprt,2.0
ADN,orpt,3.0
UTP,orpt,2.0
ZN2,orpt,2.0
GDP,gluprt,2.0
GMP,gluprt,1.0
IMP,gluprt,1.0
XMP,gluprt,1.0
HIS__L,atpprt,2.0
TRP__L,anprt,2.0
FDP,nndpr,2.0
NICRNT,nndpr,0.0
LIPA,moat,3.0
LIPA,moat2,2.0
ACTP,tmppp,3.0
PEP,tmppp,3.0
UTP,tmppp,2.0
PPPI,metat,2.0
COBALT2,uagcvt,2.0
CU2,uagcvt,2.0
FE2,uagcvt,2.0
UAMR,uagcvt,1.0
UAMA,uagcvt,2.0
UAMAG,uagcvt,3.0
UGMDA,uagcvt,2.0
ZN2,uagcvt,2.0
DHPT,dhps2,0.0
5MTA,apcs,0.0
AMETAM,apcs,0.0
SPMD,apcs,1.0
3PSME,pscvt,0.0
PEP,pscvt,0.0
PYR,pscvt,1.0
CA2,hbzopt,2.0
CU2,hbzopt,2.0
FE2,hbzopt,2.0
ZN2,hbzopt,2.0
2PG,ddpa,1.0
2DDA7P,ddpa,0.0
CYAN,ddpa,2.0
CU2,ddpa,3.0
E4P,ddpa,0.0
FDP,ddpa,2.0
S17BP,ddpa,1.0
S7P,ddpa,1.0
FE2,ddpa,3.0
PHE__L,ddpa,3.0
TRP__L,ddpa,2.0
TYR__L,ddpa,3.0
CU2,kdops,3.0
ZN2,kdops,3.0
CU2,acota,1.0
ORN,acota,1.0
SBT6P,gf6pta,1.0
GAM6P,gf6pta,0.0
1PYR5C,gf6pta,1.0
23DAPPA,gf6pta,2.0
AKG,sdpta,0.0
AKG,abta,0.0
SUCC,abta,1.0
CYAN,spmdat2,2.0
AKG,ileta,0.0
8AONN,amaotr,0.0
ADN,amaotr,4.0
AHCYS,amaotr,1.0
ALA__L,vpamtr,0.0
LEU__L,vpamtr,1.0
CIT,pfk,3.0
F1P,pfk,1.0
F6P,pfk,0.0
PEP,pfk,1.0
RIB__D,rbk,0.0
MG2,rbk,3.0
AC,durik1,4.0
CL,durik1,3.0
DTTP,durik1,2.0
K,durik1,3.0
APS,adsk,0.0
COBALT2,adsk,2.0
MN2,adsk,2.0
GTHOX,adsk,2.0
FDP,glyk,2.0
GLYC3P,glyk,0.0
AACOA,pntk,3.0
ACCOA,pntk,2.0
DPCOA,pntk,3.0
MALCOA,pntk,2.0
PMTCOA,pntk,3.0
PAN4P,pntk,2.0
SUCCOA,pntk,2.0
ASPSA,hsk,1.0
CYS__L,hsk,2.0
GLU__L,hsk,2.0
HCYS__L,hsk,3.0
HOM__L,hsk,0.0
ILE__L,hsk,2.0
MET__L,hsk,2.0
SER__L,hsk,2.0
THR__L,hsk,1.0
VAL__L,hsk,2.0
PSER__L,hsk,3.0
PYDX5P,hsk,2.0
CA2,pyk,2.0
MN2,ddglk,3.0
UTP,cytdk2,2.0
4AHMMP,hmpk1,0.0
PYDXN,hmpk1,5.0
FDP,fruk,0.0
G6P,treptspp,1.0
GLC__D,treptspp,1.0
MNL1P,treptspp,1.0
CU2,gsnk,2.0
GDP,gsnk,1.0
ZN2,gsnk,2.0
CA2,dagk160,3.0
GLU__L,aspk,1.0
HOM__L,aspk,2.0
LYS__L,aspk,1.0
MAL__L,aspk,2.0
THR__L,aspk,1.0
SUCC,aspk,1.0
ARG__L,acgk,2.0
PRO__L,glu5k,1.0
DCTP,dtmpk,2.0
DTTP,dtmpk,1.0
DUMP,dtmpk,1.0
THM,tmpk,1.0
CA2,prpps,2.0
DPCOA,ptpati,0.0
PAN4P,ptpati,0.0
DTDPGLU,galui,1.0
DTDPRMN,galui,3.0
GAL1P,uglt,0.0
G1P,uglt,0.0
UDPGAL,uglt,0.0
UACGAM,uagdp,0.0
DTDPGLU,g1ptt,0.0
DTTP,g1ptt,0.0
TRE6P,glgc,2.0
DCTP,dasyn120,2.0
CU2,lipatpt,2.0
CA2,pgsa120,2.0
GLYC3P,pgsa120,0.0
MG2,pgsa120,2.0
APOACP,acps1,0.0
AKG,pps,1.0
G3P,pps,1.0
ADPGLC,pps,3.0
CA2,pps,2.0
MG2,pps,2.0
MN2,pps,2.0
OAA,pps,1.0
PEP,pps,0.0
SELNP,selnps,0.0
ZN2,selnps,2.0
CYAN,cyanst,0.0
SO3,cyanst,0.0
TSUL,cyanst,0.0
CYAN,mcpst,0.0
CYS__L,mcpst,1.0
PYR,mcpst,0.0
ACCOA,forct,1.0
OXA,forct,0.0
DATP,ntd10,2.0
DCTP,ntd10,2.0
DGTP,ntd10,2.0
DTTP,ntd10,2.0
ITP,ntd10,2.0
UTP,ntd10,2.0
MG2,bpnt,3.0
FDP,fbp,0.0
F1P,fbp,1.0
G6P,fbp,1.0
CA2,histp,2.0
CA2,mi1pp,3.0
MG2,mi1pp,3.0
CA2,kdopp,4.0
CL,kdopp,4.0
CU2,kdopp,4.0
DATP,ntd1,3.0
DCTP,ntd1,2.0
DGTP,ntd1,3.0
DTTP,ntd1,2.0
ITP,ntd1,4.0
UTP,ntd1,2.0
MG2,gpdda1,2.0
MN2,gpdda1,2.0
DGTP,ntptp1,0.0
CU2,mltg1,2.0
K,mltg1,2.0
CA2,lacz,2.0
HCO3,lacz,2.0
CL,lacz,2.0
CIT,lacz,2.0
CU2,lacz,2.0
GAL,lacz,0.0
ETHA,lacz,3.0
FE2,lacz,2.0
ZN2,lacz,2.0
K,treh,2.0
GLYC3P,ab6pgh,3.0
FDP,ab6pgh,2.0
PEP,ab6pgh,1.0
SO4,ampn,3.0
5MTA,ahcysns,3.0
ADN,ahcysns,5.0
AHCYS,ahcysns,0.0
COBALT2,amptasecg,1.0
CYS__L,amptasecg,0.0
MN2,amptasecg,1.0
GLY,fthfd,1.0
AC,acoda,0.0
CU2,acoda,2.0
NI2,acoda,2.0
ORN,acoda,0.0
ZN2,acoda,2.0
AC,agdc,0.0
F6P,agdc,1.0
GAM6P,agdc,0.0
ACGAM6P,agdc,0.0
ZN2,uhgada,2.0
ARG__L,agmt,1.0
COBALT2,agmt,1.0
NI2,agmt,1.0
ORN,agmt,1.0
PTRC,agmt,0.0
ZN2,agmt,1.0
CU2,csnd,3.0
ZN2,csnd,3.0
MN2,add,3.0
ADN,cytd,2.0
CU2,cytd,3.0
DAD_2,cytd,3.0
DGSN,cytd,3.0
DURI,cytd,2.0
FE2,cytd,3.0
FE3,cytd,3.0
GSN,cytd,2.0
URI,cytd,0.0
UREA,cytd,4.0
ZN2,cytd,3.0
DTTP,dctpd,1.0
CU2,gtpci,2.0
DGTP,gtpci,2.0
FE2,gtpci,2.0
MN2,gtpci,2.0
DTTP,gtpci,2.0
UTP,gtpci,2.0
F6P,g6pda,0.0
ZN2,g6pda,2.0
DATP,ntpp1,1.0
DCTP,ntpp1,1.0
DGTP,ntpp1,0.0
DTTP,ntpp1,1.0
UTP,ntpp1,1.0
3PG,gdpmnp,3.0
MG2,dutpdp,2.0
GMP,cdappa120,3.0
UMP,cdappa120,3.0
DHPMP,dntppa,0.0
DTTP,dntppa,3.0
MN2,mg2uabcpp,1.0
CU2,zn2abcpp,1.0
CA2,kabcpp,1.0
PYDX5P,glyc3pabcpp,2.0
SPMD,ptrcabcpp,1.0
ACCOA,oxcdc,2.0
CU2,asp1dc,1.0
FE2,asp1dc,1.0
ZN2,asp1dc,1.0
GDP,lysdc,2.0
PPGPP,lysdc,3.0
GDPTP,lysdc,4.0
AGM,argdc,0.0
CITR__L,argdc,2.0
ARG__L,argdc,0.0
LYS__L,argdc,1.0
ORN,argdc,1.0
PYDX,argdc,2.0
SPMD,argdc,1.0
UREA,argdc,1.0
23DAPPA,dapdc,3.0
GLU__L,dapdc,1.0
LYS__L,dapdc,0.0
UMP,ompdc,0.0
XMP,ompdc,2.0
ASP__L,ppc,1.0
CIT,ppc,1.0
CYS__L,ppc,2.0
FUM,ppc,2.0
SUCC,ppc,2.0
PYDX,ppcdc,3.0
PYDX5P,ppcdc,2.0
FDP,ppck,2.0
F6P,ppck,1.0
DHAP,ppck,1.0
3PG,ppck,2.0
MG2,ppck,2.0
OXA,ppck,3.0
AMETAM,admdc,0.0
CYAN,admdc,3.0
AMET,admdc,0.0
6PGC,kg6pdc,4.0
PPAL,drpa,4.0
3PG,fba,2.0
CYS__L,fba,2.0
DHAP,fba,0.0
G3P,fba,0.0
NI2,fba,2.0
MTHGXL,fclpa,1.0
ZN2,fclpa,2.0
COBALT2,rmpa,2.0
NI2,rmpa,2.0
SO4,rmpa,2.0
CYAN,glcral,1.0
6HMHPT,dhnpa2r,0.0
DHF,dhnpa2r,3.0
DHPT,dhnpa2r,2.0
AKG,icl,1.0
3PG,icl,3.0
CA2,icl,2.0
CL,icl,2.0
GLYCLT,icl,1.0
GLX,icl,0.0
OXA,icl,3.0
PEP,icl,2.0
SO4,icl,2.0
SUCC,icl,0.0
CU2,acnml,2.0
DHA,acnml,1.0
FE2,acnml,2.0
MN2,acnml,2.0
PYR,acnml,0.0
ZN2,acnml,2.0
OAA,citl,0.0
TRP__L,ans,1.0
4HBZ,ans,1.0
2OBUT,hopntal,1.0
4MOP,hopntal,2.0
GLX,hopntal,2.0
PYR,hopntal,0.0
4HBZ,chrpl,0.0
ALA__L,trpas2,1.0
MET__L,trpas2,1.0
PHE__L,trpas2,1.0
TRP__L,trpas2,0.0
TARTR__L,fum,2.0
ACON_C,fum,3.0
CIT,fum,2.0
GLYC,fum,3.0
ACON_T,fum,3.0
GLCR,altrh,4.0
FE2,altrh,4.0
CU2,dhad1,2.0
NO,dhad1,3.0
AC,dhqti,4.0
CL,dhqti,5.0
CU2,dhqti,5.0
TARTR__D,dhqti,4.0
FE2,dhqti,5.0
SUCC,dhqti,4.0
ZN2,dhqti,5.0
GLC__D,ppbngs,5.0
XYL__D,ppbngs,7.0
COBALT2,glcrd,3.0
GALCT__D,glcrd,1.0
MN2,glcrd,3.0
CIT,galctd,3.0
DTDP,tdpgdh,2.0
DTTP,tdpgdh,1.0
GDP,gmand,1.0
GDPFUC,gmand,2.0
4HTHR,4hthrs,0.0
2PG,mgsa,2.0
3PG,mgsa,3.0
ASO4,mgsa,2.0
PEP,mgsa,1.0
2DDA7P,dhqs,0.0
FE2,chors,1.0
ASPSA,aspt,2.0
MAL__D,aspt,3.0
ETOH,aspt,3.0
MAL__L,aspt,1.0
MEOH,aspt,3.0
PSER__L,aspt,2.0
2PGLYC,aspt,3.0
SUCC,aspt,1.0
APPL,ethaal,4.0
UREA,ethaal,3.0
ALA__L,serd_d,1.0
23DAPPA,serd_d,1.0
GLY,serd_d,2.0
SER__L,serd_d,1.0
ILE__L,serd_l,1.0
PYR,serd_l,0.0
CYS__L,cysds,0.0
CYS__L,cysdds,1.0
ZN2,cysdds,2.0
DTDPGLU,udpg4e,2.0
GCALD,rbp4e,4.0
ADPGLC,agmhe,6.0
2PGLYC,tpi,3.0
MN2,arai,5.0
GLC__D,xyli1,4.0
6PGC,rpi,1.0
ARA5P,rpi,1.0
F6P,rpi,2.0
MNL1P,man6pi,1.0
6PGC,pgi,2.0
CU2,gui1,6.0
CYS__L,gui1,5.0
ZN2,gui1,6.0
COBALT2,a5piso,3.0
CU2,a5piso,3.0
4PER,a5piso,3.0
MN2,a5piso,3.0
NI2,a5piso,3.0
ZN2,a5piso,3.0
2CPR5P,praii,0.0
CA2,ppm2,3.0
CU2,ppm2,3.0
FE3,ppm2,3.0
SO4,ppm2,3.0
ZN2,ppm2,3.0
CA2,pgamt,2.0
MN2,pgamt,2.0
ZN2,pgamt,2.0
PHE__L,chorm,1.0
TYR__L,chorm,1.0
PPHN,chorm,0.0
CL,tyrtrs,1.0
SO4,tyrtrs,1.0
ZN2,thrtrs,1.0
DATP,leutrs,1.0
ADN,leutrs,4.0
ITP,leutrs,3.0
15DAP,lystrs,1.0
MG2,lystrs,1.0
ORN,lystrs,2.0
ZN2,lystrs,1.0
UREA,alatrs,2.0
ADN,mettrs,4.0
CYS__L,cystrs,0.0
CITR__L,argtrs,2.0
ORN,argtrs,1.0
ZN2,phetrs,1.0
HISTD,histrs,1.0
MG2,histrs,1.0
AKG,sucoas,1.0
SUCC,sucoas,0.0
FE2,sucbzl,4.0
MG2,sucbzl,4.0
ASP__L,asns2,0.0
GAM6P,glns,1.0
GLY,glns,1.0
HIS__L,glns,1.0
METSOX_S__L,glns,2.0
SER__L,glns,1.0
TRP__L,glns,1.0
ADN,nads1,5.0
MG2,nads1,4.0
MN2,nads1,4.0
23DAPPA,pants,4.0
3HPP,pants,9.0
4ABUT,pants,3.0
ASP__L,pants,1.0
CA2,pants,2.0
COBALT2,pants,2.0
CU2,pants,2.0
CYS__L,pants,2.0
FE2,pants,2.0
GLCN,pants,6.0
GLYCLT,pants,3.0
ALA__L,pants,2.0
VAL__L,pants,2.0
MG2,pants,2.0
MN2,pants,2.0
NI2,pants,2.0
PNTO__R,pants,0.0
TAUR,pants,3.0
ZN2,pants,2.0
INDOLE,alaalar,2.0
ALAALA,alaalar,0.0
GLY,alaalar,2.0
IMP,prascsi,1.0
GLY,uamas,1.0
CYS__L,uamas,1.0
LAC__L,uamas,2.0
SER__L,uamas,1.0
UAMA,uamas,0.0
GLU__L,uamags,1.0
UAMAG,uamags,0.0
BUT,uaagds,3.0
DHF,dhfs,0.0
DHPT,dhfs,0.0
DTBT,dbts,0.0
DGSN,ctps2,2.0
ADN,ctps2,4.0
COBALT2,ctps2,1.0
CU2,ctps2,1.0
1PYR5C,ctps2,1.0
GDP,ctps2,2.0
GMP,ctps2,1.0
GSN,ctps2,2.0
INS,ctps2,3.0
MN2,ctps2,1.0
NI2,ctps2,1.0
SO4,ctps2,1.0
URA,ctps2,2.0
URATE,ctps2,3.0
URI,ctps2,2.0
XAN,ctps2,2.0
XTSN,ctps2,2.0
ZN2,ctps2,1.0
FUM,adss,1.0
GDP,adss,0.0
PPGPP,adss,1.0
IMP,adss,0.0
NO3,adss,3.0
SUCC,adss,1.0
RIBFLV,airc2,2.0
DAD_2,gmps2,3.0
ADN,gmps2,3.0
GMP,gmps2,0.0
XMP,gmps2,0.0
GLU__L,prfgs,0.0
ASN__L,asns1,0.0
ASP__L,asns1,0.0
UMP,cbps,2.0
UREA,cbps,2.0
UTP,cbps,1.0
GLU__L,glntrs,1.0
GLU5SA,ctps2,2.0
10FTHF,mthfc,0.0
2DDG6P,glcral,1.0
3MOB,valta,0.0
2OBUT,ldh_d,1.0
PSER__L,orndc,2.0
PPPN,phetrs,6.0
3SALA,asns1,2.0
4PPAN,ppncl2,0.0
PHTHR,4hthrs,0.0
PRAM,pragsr,0.0
AIR,prais,0.0
AC,cyanst,2.0
AC,glcral,1.0
ACCOA,cs,0.0
ACCOA,3oar100,2.0
ACCOA,ppc,1.0
ACCOA,me2,1.0
ACTP,me2,2.0
AHCYS,aconmt,0.0
ANTH,igps,2.0
ASN__L,asnn,0.0
ASN__L,asns2,0.0
ALA_B,pragsr,2.0
LIPIDADS,moat2,2.0
LIPIDADS,moat,1.0
CA2,admdc,1.0
CA2,ppck,2.0
CA2,ppa2,2.0
CA2,3oar100,3.0
CA2,glycdx,3.0
CA2,gmand,3.0
CA2,manao,5.0
CA2,mcitl2,2.0
CA2,asnn,1.0
CA2,bpnt,3.0
CBP,glns,1.0
CDP,ppc,4.0
ACON_C,icl,1.0
CIT,aspt,2.0
CIT,chorm,2.0
CL,ghmt2r,1.0
CL,fhl,2.0
CL,glcral,2.0
COBALT2,admdc,1.0
COBALT2,ntd10,2.0
COBALT2,thdps,1.0
COBALT2,argsl,1.0
COBALT2,acoda,2.0
COBALT2,kdopp,4.0
CYAN,selcyss,3.0
6PGC,ddpgala,2.0
MAL__D,dogulnr,4.0
CYNT,hco3e,1.0
CYNT,cbps,1.0
UAMA,uaagds,1.0
CU2,asnn,1.0
CU2,thdps,1.0
CU2,thrd,1.0
CU2,glxcl,2.0
CU2,alltn,4.0
CYS__L,argabcpp,1.0
ALTRN,mnnh,1.0
CYS__D,argabcpp,3.0
CYS__D,cysdds,0.0
GALCT__D,glcral,1.0
GLU__D,gludy,1.0
GLCR,glcral,1.0
TAGUR,mnnh,2.0
DAMP,ntpp1,2.0
DATP,tyrtrs,1.0
DCDP,rndr1,1.0
3DHQ,dhqti,0.0
DTBT,accoac,2.0
DGTP,dgk1,1.0
DHAP,g3pat120,1.0
DHAP,mgsa,0.0
DTDPRMN,g1ptt,2.0
DUTP,dctpd,0.0
FE2,admdc,1.0
FE2,mnnh,4.0
FE2,acota,1.0
FE2,ppm2,3.0
FE3,admdc,1.0
FDP,pfk,0.0
FUM,me2,1.0
FUM,asp1dc,1.0
G3P,ddpgala,0.0
GDP,orndc,2.0
GDP,ntptp1,2.0
GDP,dgk1,1.0
GDP,ndpk1,0.0
GDP,gtpci,3.0
GDPTP,orndc,4.0
GLN__L,gludy,1.0
GLU__L,me2,1.0
GLU__L,asnn,1.0
GLU__L,gf6pta,0.0
GLCN,mnnh,3.0
GLYALD,betaldhx,4.0
GLYC,glyk,0.0
GLYCLT,mals,1.0
GMP,adpt,1.0
GMP,gsnk,0.0
GSN,dgk1,3.0
PPGPP,orndc,3.0
PPGPP,upprt,2.0
PPGPP,gdpdpk,0.0
PPGPP,gtpdpdp,0.0
CYAN,trdr,2.0
CYAN,nodox,4.0
HIS__L,histp,1.0
HISTD,histp,0.0
IASP,aspo6,0.0
IMP,dgk1,2.0
K,gtpci,2.0
K,uacmamo,3.0
K,pfk,2.0
K,fba,2.0
K,betaldhx,4.0
K,cs,1.0
K,tmpk,1.0
K,tre6ps,2.0
K,impd,2.0
K,me2,2.0
K,glxcl,2.0
K,tmk,2.0
K,dgk1,2.0
K,gtpdpdp,3.0
K,uapgr,2.0
K,uaagds,2.0
K,hsdy,2.0
K,nmnat,4.0
KDO,glcral,3.0
KDO8P,kdops,0.0
KDO2LIPID4,moat2,0.0
KDO2LIPID4,moat,1.0
ALA__L,ddpa,2.0
ALA__L,glns,1.0
ASP__L,me2,2.0
ASP__L,asnn,0.0
CYST__L,argabcpp,2.0
GLU5SA,gf6pta,2.0
DDCACOA,edtxs1,2.0
LEU__L,ipps,1.0
LEU__L,valta,1.0
LEU__L,aspk,1.0
LYS__L,hsk,2.0
MAL__L,ppc,1.0
26DAP__M,argabcpp,2.0
MET__L,mets,0.0
MG2,ppa2,2.0
MG2,3oar100,3.0
MG2,gnd,3.0
MG2,gmand,3.0
MG2,manao,5.0
MG2,prpps,2.0
MG2,asnn,1.0
MG2,ppbngs,4.0
MN2,admdc,1.0
MN2,thrd,1.0
MN2,mnnh,4.0
MN2,manao,5.0
MN2,asnn,1.0
MN2,altrh,4.0
NI2,amptasecg,1.0
NI2,gals3,2.0
NI2,thrd,1.0
NI2,argsl,1.0
NO3,glcp2,4.0
NO3,glcral,4.0
HPYR,acnml,2.0
OAA,icdhyr,1.0
OAA,me2,1.0
OXA,pps,2.0
OXA,asp1dc,3.0
GTHOX,gthor,0.0
PPPI,asnn,2.0
PAPS,adsk,0.0
PEP,pgi,1.0
PEP,pta2,2.0
PEP,ppck,0.0
PPA,acs,2.0
PPCOA,cs,1.0
PTRC,lysdc,1.0
PTRC,orndc,0.0
PTRC,argdc,1.0
PYDX,pydamk,2.0
PYDX5P,pydamk,1.0
PYDX5P,pscvt,2.0
PYDX5P,gf6pta,1.0
PYDX5P,e4pd,3.0
PYR,ldh_d,0.0
RU5P__D,gnd,0.0
SER__L,psp_l,0.0
SPMD,lysdc,1.0
SPMD,admdc,1.0
SPMD,g3pat120,2.0
SPMD,orndc,1.0
SUCC,asp1dc,1.0
SUCCOA,pyk,2.0
SO4,cyanst,2.0
TARTR__L,glcrd,3.0
TARTR__L,dogulnr,5.0
THMPP,ntp12,3.0
DTMP,gsnk,3.0
TUNGS,fum,3.0
TYR__L,valta,1.0
UGMD,uaagds,0.0
UACGAM,uaagds,3.0
UAMR,uaagds,1.0
UMP,gsnk,2.0
UTP,dxylk,3.0
XTP,gtpcii2,4.0
ZN2,betaldhx,4.0
ZN2,igpdh,2.0
ZN2,admdc,1.0
ZN2,fum,2.0
ZN2,gals3,2.0
ZN2,amptasecg,1.0
ZN2,ocbt,2.0
ZN2,thdps,1.0
ZN2,argsl,1.0
ZN2,manao,5.0
ZN2,adss,1.0
